Workbook
Name 품목: OFFSET('품목별 구매단가'!$A$2,0,0,COUNTA('품목별 구매단가'!$A:$A)-1,1)

Sheet 견적서
B1: 견 적 서
A4: 견적번호 | D4: 회사명 | F4: 주식회사 로보시지
A5: 업체명 | D5: 사업자 | F5: 836-81-03763
A6: 담당자 | D6: 담당자 | F6: 김성관
A7: 연락처 | D7: 연락처 | F7: 010-3479-7777
A8: 이메일 | D8: 이메일 | F8: roboseasy@gmail.com
A9: 1. 하기와 같이 견적 드리오니 검토 바랍니다. 2. 본 견적서의 유효기간은 견적일로부터 7일입니다.
A10: Total | C10: ="₩ "&TEXT(F27,"#,##0")&" (부가세 포함)" -> ₩ 0 (부가세 포함)
A12: No. | B12: 품목 | C12: 수량 | D12: 단가 | E12: 공급가액 | F12: 부가세 | G12: 비고
A13: 1 | D13: =IFERROR(IF($B13="","",ROUND(VLOOKUP($B13,'품목별 구매단가'!$A:$B,2,0),0)),"") | E13: =IF(OR($B13="",$C13="",$D13=""),"",$C13*$D13) | F13: =IF($E13="","",ROUND($E13*0.1,0))
A14: 2 | D14: =IFERROR(IF($B14="","",ROUND(VLOOKUP($B14,'품목별 구매단가'!$A:$B,2,0),0)),"") | E14: =IF(OR($B14="",$C14="",$D14=""),"",$C14*$D14) | F14: =IF($E14="","",ROUND($E14*0.1,0))
A15: 3 | D15: =IFERROR(IF($B15="","",ROUND(VLOOKUP($B15,'품목별 구매단가'!$A:$B,2,0),0)),"") | E15: =IF(OR($B15="",$C15="",$D15=""),"",$C15*$D15) | F15: =IF($E15="","",ROUND($E15*0.1,0))
A16: 4 | D16: =IFERROR(IF($B16="","",ROUND(VLOOKUP($B16,'품목별 구매단가'!$A:$B,2,0),0)),"") | E16: =IF(OR($B16="",$C16="",$D16=""),"",$C16*$D16) | F16: =IF($E16="","",ROUND($E16*0.1,0))
A17: 5 | D17: =IFERROR(IF($B17="","",ROUND(VLOOKUP($B17,'품목별 구매단가'!$A:$B,2,0),0)),"") | E17: =IF(OR($B17="",$C17="",$D17=""),"",$C17*$D17) | F17: =IF($E17="","",ROUND($E17*0.1,0))
A18: 6 | D18: =IFERROR(IF($B18="","",ROUND(VLOOKUP($B18,'품목별 구매단가'!$A:$B,2,0),0)),"") | E18: =IF(OR($B18="",$C18="",$D18=""),"",$C18*$D18) | F18: =IF($E18="","",ROUND($E18*0.1,0))
A19: 7 | D19: =IFERROR(IF($B19="","",ROUND(VLOOKUP($B19,'품목별 구매단가'!$A:$B,2,0),0)),"") | E19: =IF(OR($B19="",$C19="",$D19=""),"",$C19*$D19) | F19: =IF($E19="","",ROUND($E19*0.1,0))
A20: 8 | D20: =IFERROR(IF($B20="","",ROUND(VLOOKUP($B20,'품목별 구매단가'!$A:$B,2,0),0)),"") | E20: =IF(OR($B20="",$C20="",$D20=""),"",$C20*$D20) | F20: =IF($E20="","",ROUND($E20*0.1,0))
B21: ※ 5대 이상 제품 생산 주문요청은 선납금(계약금 10%) 입금으로 시작되며, 제품 납기일은 30일내 입니다.
A22: ※ 일의 자리에서 반올림
D23: 공급가액계 | F23: =SUM(E13:E20) -> 0
D24: 부가세계 | F24: =SUM(F13:F20) -> 0
D25: 합계 | F25: =F23+F24 -> 0
D26: 할인액
D27: 최종 견적 | F27: =ROUNDDOWN((F25-F26)/100,0)*100 -> 0

Sheet 품목별 구매단가
A1: 품목 | B1: 품목별 단가 | C1: 품목별 판매가
A2: LeRobot SO-ARM 101 Max | B2: 500000 | C2: =B2*1.1 -> 550000
A3: Top 카메라홀더 + 카메라모듈 + 셀카봉 | B3: 50000 | C3: =B3*1.1 -> 55000
A4: Wrist 카메라홀더 + 카메라모듈 | B4: 40000 | C4: =B4*1.1 -> 44000
A5: Belly 카메라홀더 + 카메라모듈 | B5: 40000 | C5: =B5*1.1 -> 44000
A6: 고급형 클램프 4pcs | B6: 20000 | C6: =B6*1.1 -> 22000
A7: LeRobot SO-ARM 101 Open Gripper | B7: 80000 | C7: =B7*1.1 -> 88000
A8: LeRobot SO-ARM 101 Open Gripper Camera | B8: 40000 | C8: =B8*1.1 -> 44000
A9: LeRobot SO-ARM101 Max - 3D 프린팅 부품 제외 | B9: 440000 | C9: =B9*1.1 -> 484000
A10: LeRobot SO-ARM101 Max - 3D 프린팅 부품 | B10: 70000 | C10: =B10*1.1 -> 77000
A11: LeRobot SO-ARM 101 Max - 서보 모터 STS3215 (7.4v/19kg) | B11: 30000 | C11: =B11*1.1 -> 33000
A12: LeRobot SO-ARM 101 Max - 서보 모터 STS3215 (12v/30kg) | B12: 35000 | C12: =B12*1.1 -> 38500
A13: Dual SO-ARM (Only Bridge) | B13: 200000 | C13: =B13*1.1 -> 220000
... A24: 마이크로 SD카드 (운영체제 및 SW 포함) | B24: 40000 | C24: =B24*1.1 -> 44000

Sheet 품목목록
A1: 품목 | B1: 단가
A2: LeRobot SO-ARM 101 Max | B2: 500000
A3: Top 카메라홀더 + 카메라모듈 + 셀카봉 | B3: 50000
A4: Wrist 카메라홀더 + 카메라모듈 | B4: 40000
A5: Belly 카메라홀더 + 카메라모듈 | B5: 40000
A6: 고급형 클램프 4pcs | B6: 20000
A7: LeRobot SO-ARM 101 Open Gripper | B7: 70000
A8: LeRobot SO-ARM 101 Max - 서보 모터 STS3215 (7.4v/19kg) | B8: 30000
A9: LeRobot SO-ARM 101 Max - 서보 모터 STS3215 (12v/30kg) | B9: 35000
A10: Dual SO-ARM (Only Bridge) | B10: 230000
A11: Dual SO-ARM Full Set | B11: 1230000
A12: LeRobot SO-ARM101 Max - 3D 프린팅 부품 제외 | B12: 440000
A13: LeRobot SO-ARM101 Max - 3D 프린팅 부품 | B13: 70000
... A19: 조립서비스 | B19: 90000
