Workbook

Sheet 견적서
B1: 견 적 서
A4: 견적번호 | D4: 회사명 | F4: 로보시지 RoboSEasy
A5: 업체명 | D5: 사업자 | F5: 836-81-03763
A6: 담당자 | D6: 담당자 | F6: 김현우
A7: 연락처 | D7: 연락처 | F7: 010-7236-1195
A8: 이메일 | D8: 이메일 | F8: roboseasy@gmail.com
A9: 배송 주소
A10: 1. 하기와 같이 견적 드리오니 검토 바랍니다. 2. 본 견적서의 유효기간은 견적일로부터 7일입니다.
A11: Total | C11: ="₩ "&TEXT(F26,"#,##0")&" (부가세 포함)" -> ₩ 0 (부가세 포함)
A13: No. | B13: 품목 | C13: 수량 | D13: 단가 | E13: 공급가액 | F13: 부가세 | G13: 비고
A14: 1 | D14: =IFERROR(VLOOKUP(B14,'품목목록'!A:B,2,FALSE()),"") | E14: =IFERROR(C14*D14,"") -> 0 | F14: =IFERROR(ROUND(E14*0.1,-1),"") -> 0
A15: 2 | D15: =IFERROR(VLOOKUP(B15,'품목목록'!A:B,2,FALSE()),"") | E15: =IFERROR(C15*D15,"") -> 0 | F15: =IFERROR(ROUND(E15*0.1,-1),"") -> 0
A16: 3 | D16: =IFERROR(VLOOKUP(B16,'품목목록'!A:B,2,FALSE()),"") | E16: =IFERROR(C16*D16,"") -> 0 | F16: =IFERROR(ROUND(E16*0.1,-1),"") -> 0
A17: 4 | D17: =IFERROR(VLOOKUP(B17,'품목목록'!A:B,2,FALSE()),"") | E17: =IFERROR(C17*D17,"") -> 0 | F17: =IFERROR(ROUND(E17*0.1,-1),"") -> 0
A18: 5 | D18: =IFERROR(VLOOKUP(B18,'품목목록'!A:B,2,FALSE()),"") | E18: =IFERROR(C18*D18,"") -> 0 | F18: =IFERROR(ROUND(E18*0.1,-1),"") -> 0
A19: 6 | D19: =IFERROR(VLOOKUP(B19,'품목목록'!A:B,2,FALSE()),"") | E19: =IFERROR(C19*D19,"") -> 0 | F19: =IFERROR(ROUND(E19*0.1,-1),"") -> 0
A20: 7 | D20: =IFERROR(VLOOKUP(B20,'품목목록'!A:B,2,FALSE()),"") | E20: =IFERROR(C20*D20,"") -> 0 | F20: =IFERROR(ROUND(E20*0.1,-1),"") -> 0
A21: ※ 일의 자리에서 반올림
D22: 공급가액계 | F22: =SUM(E14:E20) -> 0
D23: 부가세계 | F23: =SUM(F14:F20) -> 0
D24: 합계 | F24: =F22+F23 -> 0
D25: 할인 금액 | F25: 0
D26: 최종 견적 | F26: =F24-F25 -> 0

Sheet 품목목록
A1: 품목 | B1: 단가
A2: A-Ba(SO-ARM101) Max | B2: 500000
A3: Top 카메라홀더 + 카메라모듈 + 셀카봉 | B3: 50000
A4: Wrist 카메라홀더 + 카메라모듈 | B4: 40000
A5: Belly 카메라홀더 + 카메라모듈 | B5: 40000
A6: 고급형 클램프 4pcs | B6: 20000
A7: A-Ba(SO-ARM101) Open Gripper | B7: 70000
A8: A-Ba(SO-ARM101) Max - 서보 모터 STS3215 (7.4v/19kg) | B8: 30000
A9: A-Ba(SO-ARM101) Max - 서보 모터 STS3215 (12v/30kg) | B9: 35000
A10: Dual A-Ba(Dual SO-ARM) (Only Bridge) | B10: 230000
A11: Dual A-Ba(Dual SO-ARM) Full Set | B11: 1230000
A12: A-Ba(SO-ARM101) Max - 3D 프린팅 부품 제외 | B12: 440000
A13: A-Ba(SO-ARM101) Max - 3D 프린팅 부품 | B13: 70000
... A19: 조립서비스 | B19: 90000
